<metadata xml:lang="en"><Esri><CreaDate>20210301</CreaDate><CreaTime>11501000</CreaTime><ArcGISFormat>1.0</ArcGISFormat><SyncOnce>FALSE</SyncOnce><DataProperties><itemProps><itemName Sync="TRUE">Lakes</itemName><imsContentType Sync="TRUE">002</imsContentType><itemLocation><linkage Sync="TRUE">file://\\DESKTOP-MOIBU5N\C\Users\Maddy\Desktop\ClientMeetingData\Water\Lakes.shp</linkage><protocol Sync="TRUE">Local Area Network</protocol></itemLocation><itemSize Sync="TRUE">0.000</itemSize></itemProps><coordRef><type Sync="TRUE">Projected</type><geogcsn Sync="TRUE">GCS_ETRS_1989</geogcsn><csUnits Sync="TRUE">Linear Unit: Meter (1.000000)</csUnits><projcsn Sync="TRUE">EUREF_FIN_TM35FIN</projcsn><peXml Sync="TRUE">&lt;ProjectedCoordinateSystem xsi:type='typens:ProjectedCoordinateSystem' xmlns:xsi='http://www.w3.org/2001/XMLSchema-instance' xmlns:xs='http://www.w3.org/2001/XMLSchema' xmlns:typens='http://www.esri.com/schemas/ArcGIS/2.6.0'&gt;&lt;WKT&gt;PROJCS[&amp;quot;EUREF_FIN_TM35FIN&amp;quot;,GEOGCS[&amp;quot;GCS_ETRS_1989&amp;quot;,DATUM[&amp;quot;D_ETRS_1989&amp;quot;,SPHEROID[&amp;quot;GRS_1980&amp;quot;,6378137.0,298.257222101]],PRIMEM[&amp;quot;Greenwich&amp;quot;,0.0],UNIT[&amp;quot;Degree&amp;quot;,0.0174532925199433]],PROJECTION[&amp;quot;Transverse_Mercator&amp;quot;],PARAMETER[&amp;quot;False_Easting&amp;quot;,500000.0],PARAMETER[&amp;quot;False_Northing&amp;quot;,0.0],PARAMETER[&amp;quot;Central_Meridian&amp;quot;,27.0],PARAMETER[&amp;quot;Scale_Factor&amp;quot;,0.9996],PARAMETER[&amp;quot;Latitude_Of_Origin&amp;quot;,0.0],UNIT[&amp;quot;Meter&amp;quot;,1.0]]&lt;/WKT&gt;&lt;XOrigin&gt;-5120900&lt;/XOrigin&gt;&lt;YOrigin&gt;-9998100&lt;/YOrigin&gt;&lt;XYScale&gt;450445547.3910538&lt;/XYScale&gt;&lt;ZOrigin&gt;-100000&lt;/ZOrigin&gt;&lt;ZScale&gt;10000&lt;/ZScale&gt;&lt;MOrigin&gt;-100000&lt;/MOrigin&gt;&lt;MScale&gt;10000&lt;/MScale&gt;&lt;XYTolerance&gt;0.001&lt;/XYTolerance&gt;&lt;ZTolerance&gt;0.001&lt;/ZTolerance&gt;&lt;MTolerance&gt;0.001&lt;/MTolerance&gt;&lt;HighPrecision&gt;true&lt;/HighPrecision&gt;&lt;/ProjectedCoordinateSystem&gt;</peXml></coordRef><lineage><Process ToolSource="c:\program files\arcgis\pro\Resources\ArcToolbox\toolboxes\Analysis Tools.tbx\Clip" Date="20210301" Time="115011">Clip Lakes HelsinkiBorder_Dissolve C:\Users\Maddy\Desktop\Spring2021\AdvancedGIS\ClientMeeting\ClientMeeting\ClientMeeting.gdb\Lakes_Clip #</Process><Process ToolSource="c:\program files\arcgis\pro\Resources\ArcToolbox\toolboxes\Conversion Tools.tbx\FeatureClassToFeatureClass" Date="20210301" Time="153251">FeatureClassToFeatureClass Lakes_Clip C:\Users\Maddy\Desktop\ClientMeetingData\Water Lakes.shp # "tietopalve "tietopalve" true true false 4 Long 0 0,First,#,Lakes_Clip,tietopalve,-1,-1;vesisto_ni "vesisto_ni" true true false 254 Text 0 0,First,#,Lakes_Clip,vesisto_ni,0,254;vesisto__1 "vesisto__1" true true false 254 Text 0 0,First,#,Lakes_Clip,vesisto__1,0,254;mtryhm "mtryhm" true true false 4 Long 0 0,First,#,Lakes_Clip,mtryhm,-1,-1;Shape_Leng "Shape_Length" false true true 8 Double 0 0,First,#,Lakes_Clip,Shape_Length,-1,-1;Shape_Area "Shape_Area" false true true 8 Double 0 0,First,#,Lakes_Clip,Shape_Area,-1,-1" #</Process></lineage><LayerFile>{"type":"CIMLayerDocument","version":"2.6.0","build":24783,"layers":["CIMPATH=map/lakes.xml"],"layerDefinitions":[{"type":"CIMFeatureLayer","name":"Lakes","uRI":"CIMPATH=map/lakes.xml","sourceModifiedTime":{"type":"TimeInstant"},"useSourceMetadata":true,"description":"Lakes","layerElevation":{"type":"CIMLayerElevationSurface","mapElevationID":"{82966154-6738-417E-8FC8-E0DA215503F9}"},"expanded":true,"layerType":"Operational","showLegends":true,"visibility":true,"displayCacheType":"Permanent","maxDisplayCacheAge":5,"showPopups":true,"serviceLayerID":-1,"refreshRate":-1,"refreshRateUnit":"esriTimeUnitsSeconds","autoGenerateFeatureTemplates":true,"featureElevationExpression":"0","featureTable":{"type":"CIMFeatureTable","displayField":"tietopalve","editable":true,"dataConnection":{"type":"CIMStandardDataConnection","workspaceConnectionString":"DATABASE=..\\..\\..\\..\\Desktop\\ClientMeetingData\\Water","workspaceFactory":"Shapefile","dataset":"Lakes","datasetType":"esriDTFeatureClass"},"studyAreaSpatialRel":"esriSpatialRelUndefined","searchOrder":"esriSearchOrderSpatial"},"htmlPopupEnabled":true,"selectable":true,"featureCacheType":"Session","displayFiltersType":"ByScale","labelClasses":[{"type":"CIMLabelClass","expression":"$feature.tietopalve","expressionEngine":"Arcade","featuresToLabel":"AllVisibleFeatures","maplexLabelPlacementProperties":{"type":"CIMMaplexLabelPlacementProperties","featureType":"Polygon","avoidPolygonHoles":true,"canOverrunFeature":true,"canPlaceLabelOutsidePolygon":true,"canRemoveOverlappingLabel":true,"canStackLabel":true,"connectionType":"Unambiguous","constrainOffset":"NoConstraint","contourAlignmentType":"Page","contourLadderType":"Straight","contourMaximumAngle":90,"enableConnection":true,"featureWeight":0,"fontHeightReductionLimit":4,"fontHeightReductionStep":0.5,"fontWidthReductionLimit":90,"fontWidthReductionStep":5,"graticuleAlignmentType":"Straight","keyNumberGroupName":"Default","labelBuffer":15,"labelLargestPolygon":true,"labelPriority":-1,"labelStackingProperties":{"type":"CIMMaplexLabelStackingProperties","stackAlignment":"ChooseBest","maximumNumberOfLines":3,"minimumNumberOfCharsPerLine":3,"maximumNumberOfCharsPerLine":24,"separators":[{"type":"CIMMaplexStackingSeparator","separator":" ","splitAfter":true},{"type":"CIMMaplexStackingSeparator","separator":",","visible":true,"splitAfter":true}]},"lineFeatureType":"General","linePlacementMethod":"OffsetCurvedFromLine","maximumLabelOverrun":80,"maximumLabelOverrunUnit":"Point","minimumFeatureSizeUnit":"Map","multiPartOption":"OneLabelPerPart","offsetAlongLineProperties":{"type":"CIMMaplexOffsetAlongLineProperties","placementMethod":"BestPositionAlongLine","labelAnchorPoint":"CenterOfLabel","distanceUnit":"Percentage","useLineDirection":true},"pointExternalZonePriorities":{"type":"CIMMaplexExternalZonePriorities","aboveLeft":4,"aboveCenter":2,"aboveRight":1,"centerRight":3,"belowRight":5,"belowCenter":7,"belowLeft":8,"centerLeft":6},"pointPlacementMethod":"AroundPoint","polygonAnchorPointType":"GeometricCenter","polygonBoundaryWeight":0,"polygonExternalZones":{"type":"CIMMaplexExternalZonePriorities","aboveLeft":4,"aboveCenter":2,"aboveRight":1,"centerRight":3,"belowRight":5,"belowCenter":7,"belowLeft":8,"centerLeft":6},"polygonFeatureType":"General","polygonInternalZones":{"type":"CIMMaplexInternalZonePriorities","center":1},"polygonPlacementMethod":"HorizontalInPolygon","primaryOffset":1,"primaryOffsetUnit":"Point","removeExtraWhiteSpace":true,"repetitionIntervalUnit":"Point","rotationProperties":{"type":"CIMMaplexRotationProperties","rotationType":"Arithmetic","alignmentType":"Straight"},"secondaryOffset":100,"strategyPriorities":{"type":"CIMMaplexStrategyPriorities","stacking":1,"overrun":2,"fontCompression":3,"fontReduction":4,"abbreviation":5},"thinningDistanceUnit":"Point","truncationMarkerCharacter":".","truncationMinimumLength":1,"truncationPreferredCharacters":"aeiou","truncationExcludedCharacters":"0123456789"},"name":"Class 1","priority":-1,"standardLabelPlacementProperties":{"type":"CIMStandardLabelPlacementProperties","featureType":"Line","featureWeight":"Low","labelWeight":"High","numLabelsOption":"OneLabelPerName","lineLabelPosition":{"type":"CIMStandardLineLabelPosition","above":true,"inLine":true,"parallel":true},"lineLabelPriorities":{"type":"CIMStandardLineLabelPriorities","aboveStart":3,"aboveAlong":3,"aboveEnd":3,"centerStart":3,"centerAlong":3,"centerEnd":3,"belowStart":3,"belowAlong":3,"belowEnd":3},"pointPlacementMethod":"AroundPoint","pointPlacementPriorities":{"type":"CIMStandardPointPlacementPriorities","aboveLeft":2,"aboveCenter":2,"aboveRight":1,"centerLeft":3,"centerRight":2,"belowLeft":3,"belowCenter":3,"belowRight":2},"rotationType":"Arithmetic","polygonPlacementMethod":"AlwaysHorizontal"},"textSymbol":{"type":"CIMSymbolReference","symbol":{"type":"CIMTextSymbol","blockProgression":"TTB","depth3D":1,"extrapolateBaselines":true,"fontEffects":"Normal","fontEncoding":"Unicode","fontFamilyName":"Tahoma","fontStyleName":"Regular","fontType":"Unspecified","haloSize":1,"height":10,"hinting":"Default","horizontalAlignment":"Left","kerning":true,"letterWidth":100,"ligatures":true,"lineGapType":"ExtraLeading","symbol":{"type":"CIMPolygonSymbol","symbolLayers":[{"type":"CIMSolidFill","enable":true,"color":{"type":"CIMRGBColor","values":[0,0,0,100]}}]},"textCase":"Normal","textDirection":"LTR","verticalAlignment":"Bottom","verticalGlyphOrientation":"Right","wordSpacing":100,"billboardMode3D":"FaceNearPlane"}},"useCodedValue":true,"visibility":true,"iD":-1}],"renderer":{"type":"CIMSimpleRenderer","patch":"Default","symbol":{"type":"CIMSymbolReference","symbol":{"type":"CIMPolygonSymbol","symbolLayers":[{"type":"CIMSolidStroke","enable":true,"capStyle":"Round","joinStyle":"Round","lineStyle3D":"Strip","miterLimit":10,"width":0.40000000000000002,"color":{"type":"CIMRGBColor","values":[0,174,239,100]}},{"type":"CIMVectorMarker","enable":true,"anchorPointUnits":"Relative","dominantSizeAxis3D":"Y","size":48,"billboardMode3D":"FaceNearPlane","markerPlacement":{"type":"CIMMarkerPlacementInsidePolygon","gridType":"Fixed","randomness":100,"seed":13,"stepX":48,"stepY":48,"clipping":"ClipAtBoundary"},"frame":{"xmin":0,"ymin":0,"xmax":64,"ymax":64},"markerGraphics":[{"type":"CIMMarkerGraphic","geometry":{"rings":[[[52.5,63],[53,63],[53,63.5],[53,64],[52.5,64],[52,64],[52,63.5],[52,63],[52.5,63]],[[35.5,63],[36,63],[36,63.5],[36,64],[35.5,64],[35,64],[35,63.5],[35,63],[35.5,63]],[[24.5,63],[25,63],[25,63.5],[25,64],[24.5,64],[24,64],[24,63.5],[24,63],[24.5,63]],[[21.5,63],[22,63],[22,63.5],[22,64],[21.5,64],[21,64],[21,63.5],[21,63],[21.5,63]],[[16.5,63],[17,63],[17,63.5],[17,64],[16.5,64],[16,64],[16,63.5],[16,63],[16.5,63]],[[1.5,63],[2,63],[2,63.5],[2,64],[1.5,64],[1,64],[1,63.5],[1,63],[1.5,63]],[[59.5,62],[60,62],[60,62.5],[60,63],[59.5,63],[59,63],[59,62.5],[59,62],[59.5,62]],[[48.5,62],[49,62],[49,62.5],[49,63],[48.5,63],[48,63],[48,62.5],[48,62],[48.5,62]],[[44.5,62],[45,62],[45,62.5],[45,63],[44.5,63],[44,63],[44,62.5],[44,62],[44.5,62]],[[41.5,62],[42,62],[42,62.5],[42,63],[41.5,63],[41,63],[41,62.5],[41,62],[41.5,62]],[[39.5,62],[40,62],[40,62.5],[40,63],[39.5,63],[39,63],[39,62.5],[39,62],[39.5,62]],[[29.5,62],[30,62],[30,62.5],[30,63],[29.5,63],[29,63],[29,62.5],[29,62],[29.5,62]],[[13.5,62],[14,62],[14,62.5],[14,63],[13.5,63],[13,63],[13,62.5],[13,62],[13.5,62]],[[10.5,62],[11,62],[11,62.5],[11,63],[10.5,63],[10,63],[10,62.5],[10,62],[10.5,62]],[[4.5,62],[5,62],[5,62.5],[5,63],[4.5,63],[4,63],[4,62.5],[4,62],[4.5,62]],[[56.5,61],[57,61],[57,61.5],[57,62],[56.5,62],[56,62],[56,61.5],[56,61],[56.5,61]],[[33.5,61],[34,61],[34,61.5],[34,62],[33.5,62],[33,62],[33,61.5],[33,61],[33.5,61]],[[26.5,61],[27,61],[27,61.5],[27,62],[26.5,62],[26,62],[26,61.5],[26,61],[26.5,61]],[[22.5,61],[23,61],[23,61.5],[23,62],[22.5,62],[22,62],[22,61.5],[22,61],[22.5,61]],[[6.5,61],[7,61],[7,61.5],[7,62],[6.5,62],[6,62],[6,61.5],[6,61],[6.5,61]],[[62.5,60],[63,60],[63,60.5],[63,61],[62.5,61],[62,61],[62,60.5],[62,60],[62.5,60]],[[52.5,60],[53,60],[53,60.5],[53,61],[52.5,61],[52,61],[52,60.5],[52,60],[52.5,60]],[[37.5,60],[38,60],[38,60.5],[38,61],[37.5,61],[37,61],[37,60.5],[37,60],[37.5,60]],[[28.5,60],[29,60],[29,60.5],[29,61],[28.5,61],[28,61],[28,60.5],[28,60],[28.5,60]],[[17.5,60],[18,60],[18,60.5],[18,61],[17.5,61],[17,61],[17,60.5],[17,60],[17.5,60]],[[14.5,60],[15,60],[15,60.5],[15,61],[14.5,61],[14,61],[14,60.5],[14,60],[14.5,60]],[[11.5,60],[12,60],[12,60.5],[12,61],[11.5,61],[11,61],[11,60.5],[11,60],[11.5,60]],[[0.5,60],[1,60],[1,60.5],[1,61],[0.5,61],[0,61],[0,60.5],[0,60],[0.5,60]],[[58.5,59],[59,59],[59,59.5],[59,60],[58.5,60],[58,60],[58,59.5],[58,59],[58.5,59]],[[49.5,59],[50,59],[50,59.5],[50,60],[49.5,60],[49,60],[49,59.5],[49,59],[49.5,59]],[[46.5,59],[47,59],[47,59.5],[47,60],[46.5,60],[46,60],[46,59.5],[46,59],[46.5,59]],[[43.5,59],[44,59],[44,59.5],[44,60],[43.5,60],[43,60],[43,59.5],[43,59],[43.5,59]],[[40.5,59],[41,59],[41,59.5],[41,60],[40.5,60],[40,60],[40,59.5],[40,59],[40.5,59]],[[30.5,59],[31,59],[31,59.5],[31,60],[30.5,60],[30,60],[30,59.5],[30,59],[30.5,59]],[[24.5,59],[25,59],[25,59.5],[25,60],[24.5,60],[24,60],[24,59.5],[24,59],[24.5,59]],[[20.5,59],[21,59],[21,59.5],[21,60],[20.5,60],[20,60],[20,59.5],[20,59],[20.5,59]],[[8.5,59],[9,59],[9,59.5],[9,60],[8.5,60],[8,60],[8,59.5],[8,59],[8.5,59]],[[3.5,59],[4,59],[4,59.5],[4,60],[3.5,60],[3,60],[3,59.5],[3,59],[3.5,59]],[[32.5,58],[33,58],[33,58.5],[33,59],[32.5,59],[32,59],[32,58.5],[32,58],[32.5,58]],[[63.5,57],[64,57],[64,57.5],[64,58],[63.5,58],[63,58],[63,57.5],[63,57],[63.5,57]],[[55.5,57],[56,57],[56,57.5],[56,58],[55.5,58],[55,58],[55,57.5],[55,57],[55.5,57]],[[52.5,57],[53,57],[53,57.5],[53,58],[52.5,58],[52,58],[52,57.5],[52,57],[52.5,57]],[[39.5,57],[40,57],[40,57.5],[40,58],[39.5,58],[39,58],[39,57.5],[39,57],[39.5,57]],[[36.5,57],[37,57],[37,57.5],[37,58],[36.5,58],[36,58],[36,57.5],[36,57],[36.5,57]],[[27.5,57],[28,57],[28,57.5],[28,58],[27.5,58],[27,58],[27,57.5],[27,57],[27.5,57]],[[22.5,57],[23,57],[23,57.5],[23,58],[22.5,58],[22,58],[22,57.5],[22,57],[22.5,57]],[[18.5,57],[19,57],[19,57.5],[19,58],[18.5,58],[18,58],[18,57.5],[18,57],[18.5,57]],[[12.5,57],[13,57],[13,57.5],[13,58],[12.5,58],[12,58],[12,57.5],[12,57],[12.5,57]],[[5.5,57],[6,57],[6,57.5],[6,58],[5.5,58],[5,58],[5,57.5],[5,57],[5.5,57]],[[1.5,57],[2,57],[2,57.5],[2,58],[1.5,58],[1,58],[1,57.5],[1,57],[1.5,57]],[[59.5,56],[60,56],[60,56.5],[60,57],[59.5,57],[59,57],[59,56.5],[59,56],[59.5,56]],[[49.5,56],[50,56],[50,56.5],[50,57],[49.5,57],[49,57],[49,56.5],[49,56],[49.5,56]],[[46.5,56],[47,56],[47,56.5],[47,57],[46.5,57],[46,57],[46,56.5],[46,56],[46.5,56]],[[43.5,56],[44,56],[44,56.5],[44,57],[43.5,57],[43,57],[43,56.5],[43,56],[43.5,56]],[[20.5,56],[21,56],[21,56.5],[21,57],[20.5,57],[20,57],[20,56.5],[20,56],[20.5,56]],[[15.5,56],[16,56],[16,56.5],[16,57],[15.5,57],[15,57],[15,56.5],[15,56],[15.5,56]],[[9.5,56],[10,56],[10,56.5],[10,57],[9.5,57],[9,57],[9,56.5],[9,56],[9.5,56]],[[32.5,55],[33,55],[33,55.5],[33,56],[32.5,56],[32,56],[32,55.5],[32,55],[32.5,55]],[[24.5,55],[25,55],[25,55.5],[25,56],[24.5,56],[24,56],[24,55.5],[24,55],[24.5,55]],[[61.5,54],[62,54],[62,54.5],[62,55],[61.5,55],[61,55],[61,54.5],[61,54],[61.5,54]],[[56.5,54],[57,54],[57,54.5],[57,55],[56.5,55],[56,55],[56,54.5],[56,54],[56.5,54]],[[51.5,54],[52,54],[52,54.5],[52,55],[51.5,55],[51,55],[51,54.5],[51,54],[51.5,54]],[[47.5,54],[48,54],[48,54.5],[48,55],[47.5,55],[47,55],[47,54.5],[47,54],[47.5,54]],[[44.5,54],[45,54],[45,54.5],[45,55],[44.5,55],[44,55],[44,54.5],[44,54],[44.5,54]],[[41.5,54],[42,54],[42,54.5],[42,55],[41.5,55],[41,55],[41,54.5],[41,54],[41.5,54]],[[38.5,54],[39,54],[39,54.5],[39,55],[38.5,55],[38,55],[38,54.5],[38,54],[38.5,54]],[[35.5,54],[36,54],[36,54.5],[36,55],[35.5,55],[35,55],[35,54.5],[35,54],[35.5,54]],[[27.5,54],[28,54],[28,54.5],[28,55],[27.5,55],[27,55],[27,54.5],[27,54],[27.5,54]],[[12.5,54],[13,54],[13,54.5],[13,55],[12.5,55],[12,55],[12,54.5],[12,54],[12.5,54]],[[6.5,54],[7,54],[7,54.5],[7,55],[6.5,55],[6,55],[6,54.5],[6,54],[6.5,54]],[[2.5,54],[3,54],[3,54.5],[3,55],[2.5,55],[2,55],[2,54.5],[2,54],[2.5,54]],[[23.5,53],[24,53],[24,53.5],[24,54],[23.5,54],[23,54],[23,53.5],[23,53],[23.5,53]],[[19.5,53],[20,53],[20,53.5],[20,54],[19.5,54],[19,54],[19,53.5],[19,53],[19.5,53]],[[9.5,53],[10,53],[10,53.5],[10,54],[9.5,54],[9,54],[9,53.5],[9,53],[9.5,53]],[[0.5,53],[1,53],[1,53.5],[1,54],[0.5,54],[0,54],[0,53.5],[0,53],[0.5,53]],[[58.5,52],[59,52],[59,52.5],[59,53],[58.5,53],[58,53],[58,52.5],[58,52],[58.5,52]],[[54.5,52],[55,52],[55,52.5],[55,53],[54.5,53],[54,53],[54,52.5],[54,52],[54.5,52]],[[50.5,52],[51,52],[51,52.5],[51,53],[50.5,53],[50,53],[50,52.5],[50,52],[50.5,52]],[[43.5,52],[44,52],[44,52.5],[44,53],[43.5,53],[43,53],[43,52.5],[43,52],[43.5,52]],[[38.5,52],[39,52],[39,52.5],[39,53],[38.5,53],[38,53],[38,52.5],[38,52],[38.5,52]],[[33.5,52],[34,52],[34,52.5],[34,53],[33.5,53],[33,53],[33,52.5],[33,52],[33.5,52]],[[30.5,52],[31,52],[31,52.5],[31,53],[30.5,53],[30,53],[30,52.5],[30,52],[30.5,52]],[[26.5,52],[27,52],[27,52.5],[27,53],[26.5,53],[26,53],[26,52.5],[26,52],[26.5,52]],[[15.5,52],[16,52],[16,52.5],[16,53],[15.5,53],[15,53],[15,52.5],[15,52],[15.5,52]],[[61.5,51],[62,51],[62,51.5],[62,52],[61.5,52],[61,52],[61,51.5],[61,51],[61.5,51]],[[45.5,51],[46,51],[46,51.5],[46,52],[45.5,52],[45,52],[45,51.5],[45,51],[45.5,51]],[[41.5,51],[42,51],[42,51.5],[42,52],[41.5,52],[41,52],[41,51.5],[41,51],[41.5,51]],[[12.5,51],[13,51],[13,51.5],[13,52],[12.5,52],[12,52],[12,51.5],[12,51],[12.5,51]],[[6.5,51],[7,51],[7,51.5],[7,52],[6.5,52],[6,52],[6,51.5],[6,51],[6.5,51]],[[3.5,51],[4,51],[4,51.5],[4,52],[3.5,52],[3,52],[3,51.5],[3,51],[3.5,51]],[[56.5,50],[57,50],[57,50.5],[57,51],[56.5,51],[56,51],[56,50.5],[56,50],[56.5,50]],[[52.5,50],[53,50],[53,50.5],[53,51],[52.5,51],[52,51],[52,50.5],[52,50],[52.5,50]],[[48.5,50],[49,50],[49,50.5],[49,51],[48.5,51],[48,51],[48,50.5],[48,50],[48.5,50]],[[23.5,50],[24,50],[24,50.5],[24,51],[23.5,51],[23,51],[23,50.5],[23,50],[23.5,50]],[[18.5,50],[19,50],[19,50.5],[19,51],[18.5,51],[18,51],[18,50.5],[18,50],[18.5,50]],[[8.5,50],[9,50],[9,50.5],[9,51],[8.5,51],[8,51],[8,50.5],[8,50],[8.5,50]],[[62.5,49],[63,49],[63,49.5],[63,50],[62.5,50],[62,50],[62,49.5],[62,49],[62.5,49]],[[59.5,49],[60,49],[60,49.5],[60,50],[59.5,50],[59,50],[59,49.5],[59,49],[59.5,49]],[[41.5,49],[42,49],[42,49.5],[42,50],[41.5,50],[41,50],[41,49.5],[41,49],[41.5,49]],[[38.5,49],[39,49],[39,49.5],[39,50],[38.5,50],[38,50],[38,49.5],[38,49],[38.5,49]],[[35.5,49],[36,49],[36,49.5],[36,50],[35.5,50],[35,50],[35,49.5],[35,49],[35.5,49]],[[30.5,49],[31,49],[31,49.5],[31,50],[30.5,50],[30,50],[30,49.5],[30,49],[30.5,49]],[[28.5,49],[29,49],[29,49.5],[29,50],[28.5,50],[28,50],[28,49.5],[28,49],[28.5,49]],[[20.5,49],[21,49],[21,49.5],[21,50],[20.5,50],[20,50],[20,49.5],[20,49],[20.5,49]],[[14.5,49],[15,49],[15,49.5],[15,50],[14.5,50],[14,50],[14,49.5],[14,49],[14.5,49]],[[10.5,49],[11,49],[11,49.5],[11,50],[10.5,50],[10,50],[10,49.5],[10,49],[10.5,49]],[[0.5,49],[1,49],[1,49.5],[1,50],[0.5,50],[0,50],[0,49.5],[0,49],[0.5,49]],[[44.5,48],[45,48],[45,48.5],[45,49],[44.5,49],[44,49],[44,48.5],[44,48],[44.5,48]],[[26.5,48],[27,48],[27,48.5],[27,49],[26.5,49],[26,49],[26,48.5],[26,48],[26.5,48]],[[5.5,48],[6,48],[6,48.5],[6,49],[5.5,49],[5,49],[5,48.5],[5,48],[5.5,48]],[[57.5,47],[58,47],[58,47.5],[58,48],[57.5,48],[57,48],[57,47.5],[57,47],[57.5,47]],[[54.5,47],[55,47],[55,47.5],[55,48],[54.5,48],[54,48],[54,47.5],[54,47],[54.5,47]],[[51.5,47],[52,47],[52,47.5],[52,48],[51.5,48],[51,48],[51,47.5],[51,47],[51.5,47]],[[47.5,47],[48,47],[48,47.5],[48,48],[47.5,48],[47,48],[47,47.5],[47,47],[47.5,47]],[[12.5,47],[13,47],[13,47.5],[13,48],[12.5,48],[12,48],[12,47.5],[12,47],[12.5,47]],[[9.5,47],[10,47],[10,47.5],[10,48],[9.5,48],[9,48],[9,47.5],[9,47],[9.5,47]],[[41.5,46],[42,46],[42,46.5],[42,47],[41.5,47],[41,47],[41,46.5],[41,46],[41.5,46]],[[35.5,46],[36,46],[36,46.5],[36,47],[35.5,47],[35,47],[35,46.5],[35,46],[35.5,46]],[[24.5,46],[25,46],[25,46.5],[25,47],[24.5,47],[24,47],[24,46.5],[24,46],[24.5,46]],[[16.5,46],[17,46],[17,46.5],[17,47],[16.5,47],[16,47],[16,46.5],[16,46],[16.5,46]],[[4.5,46],[5,46],[5,46.5],[5,47],[4.5,47],[4,47],[4,46.5],[4,46],[4.5,46]],[[62.5,45],[63,45],[63,45.5],[63,46],[62.5,46],[62,46],[62,45.5],[62,45],[62.5,45]],[[59.5,45],[60,45],[60,45.5],[60,46],[59.5,46],[59,46],[59,45.5],[59,45],[59.5,45]],[[56.5,45],[57,45],[57,45.5],[57,46],[56.5,46],[56,46],[56,45.5],[56,45],[56.5,45]],[[53.5,45],[54,45],[54,45.5],[54,46],[53.5,46],[53,46],[53,45.5],[53,45],[53.5,45]],[[44.5,45],[45,45],[45,45.5],[45,46],[44.5,46],[44,46],[44,45.5],[44,45],[44.5,45]],[[38.5,45],[39,45],[39,45.5],[39,46],[38.5,46],[38,46],[38,45.5],[38,45],[38.5,45]],[[32.5,45],[33,45],[33,45.5],[33,46],[32.5,46],[32,46],[32,45.5],[32,45],[32.5,45]],[[29.5,45],[30,45],[30,45.5],[30,46],[29.5,46],[29,46],[29,45.5],[29,45],[29.5,45]],[[21.5,45],[22,45],[22,45.5],[22,46],[21.5,46],[21,46],[21,45.5],[21,45],[21.5,45]],[[19.5,45],[20,45],[20,45.5],[20,46],[19.5,46],[19,46],[19,45.5],[19,45],[19.5,45]],[[11.5,45],[12,45],[12,45.5],[12,46],[11.5,46],[11,46],[11,45.5],[11,45],[11.5,45]],[[7.5,45],[8,45],[8,45.5],[8,46],[7.5,46],[7,46],[7,45.5],[7,45],[7.5,45]],[[2.5,45],[3,45],[3,45.5],[3,46],[2.5,46],[2,46],[2,45.5],[2,45],[2.5,45]],[[50.5,44],[51,44],[51,44.5],[51,45],[50.5,45],[50,45],[50,44.5],[50,44],[50.5,44]],[[41.5,44],[42,44],[42,44.5],[42,45],[41.5,45],[41,45],[41,44.5],[41,44],[41.5,44]],[[26.5,44],[27,44],[27,44.5],[27,45],[26.5,45],[26,45],[26,44.5],[26,44],[26.5,44]],[[0.5,44],[1,44],[1,44.5],[1,45],[0.5,45],[0,45],[0,44.5],[0,44],[0.5,44]],[[47.5,43],[48,43],[48,43.5],[48,44],[47.5,44],[47,44],[47,43.5],[47,43],[47.5,43]],[[35.5,43],[36,43],[36,43.5],[36,44],[35.5,44],[35,44],[35,43.5],[35,43],[35.5,43]],[[28.5,43],[29,43],[29,43.5],[29,44],[28.5,44],[28,44],[28,43.5],[28,43],[28.5,43]],[[14.5,43],[15,43],[15,43.5],[15,44],[14.5,44],[14,44],[14,43.5],[14,43],[14.5,43]],[[9.5,43],[10,43],[10,43.5],[10,44],[9.5,44],[9,44],[9,43.5],[9,43],[9.5,43]],[[5.5,43],[6,43],[6,43.5],[6,44],[5.5,44],[5,44],[5,43.5],[5,43],[5.5,43]],[[61.5,42],[62,42],[62,42.5],[62,43],[61.5,43],[61,43],[61,42.5],[61,42],[61.5,42]],[[58.5,42],[59,42],[59,42.5],[59,43],[58.5,43],[58,43],[58,42.5],[58,42],[58.5,42]],[[56.5,42],[57,42],[57,42.5],[57,43],[56.5,43],[56,43],[56,42.5],[56,42],[56.5,42]],[[53.5,42],[54,42],[54,42.5],[54,43],[53.5,43],[53,43],[53,42.5],[53,42],[53.5,42]],[[38.5,42],[39,42],[39,42.5],[39,43],[38.5,43],[38,43],[38,42.5],[38,42],[38.5,42]],[[31.5,42],[32,42],[32,42.5],[32,43],[31.5,43],[31,43],[31,42.5],[31,42],[31.5,42]],[[24.5,42],[25,42],[25,42.5],[25,43],[24.5,43],[24,43],[24,42.5],[24,42],[24.5,42]],[[17.5,42],[18,42],[18,42.5],[18,43],[17.5,43],[17,43],[17,42.5],[17,42],[17.5,42]],[[12.5,42],[13,42],[13,42.5],[13,43],[12.5,43],[12,43],[12,42.5],[12,42],[12.5,42]],[[50.5,41],[51,41],[51,41.5],[51,42],[50.5,42],[50,42],[50,41.5],[50,41],[50.5,41]],[[45.5,41],[46,41],[46,41.5],[46,42],[45.5,42],[45,42],[45,41.5],[45,41],[45.5,41]],[[41.5,41],[42,41],[42,41.5],[42,42],[41.5,42],[41,42],[41,41.5],[41,41],[41.5,41]],[[26.5,41],[27,41],[27,41.5],[27,42],[26.5,42],[26,42],[26,41.5],[26,41],[26.5,41]],[[20.5,41],[21,41],[21,41.5],[21,42],[20.5,42],[20,42],[20,41.5],[20,41],[20.5,41]],[[7.5,41],[8,41],[8,41.5],[8,42],[7.5,42],[7,42],[7,41.5],[7,41],[7.5,41]],[[2.5,41],[3,41],[3,41.5],[3,42],[2.5,42],[2,42],[2,41.5],[2,41],[2.5,41]],[[36.5,40],[37,40],[37,40.5],[37,41],[36.5,41],[36,41],[36,40.5],[36,40],[36.5,40]],[[33.5,40],[34,40],[34,40.5],[34,41],[33.5,41],[33,41],[33,40.5],[33,40],[33.5,40]],[[31.5,40],[32,40],[32,40.5],[32,41],[31.5,41],[31,41],[31,40.5],[31,40],[31.5,40]],[[28.5,40],[29,40],[29,40.5],[29,41],[28.5,41],[28,41],[28,40.5],[28,40],[28.5,40]],[[15.5,40],[16,40],[16,40.5],[16,41],[15.5,41],[15,41],[15,40.5],[15,40],[15.5,40]],[[10.5,40],[11,40],[11,40.5],[11,41],[10.5,41],[10,41],[10,40.5],[10,40],[10.5,40]],[[0.5,40],[1,40],[1,40.5],[1,41],[0.5,41],[0,41],[0,40.5],[0,40],[0.5,40]],[[61.5,39],[62,39],[62,39.5],[62,40],[61.5,40],[61,40],[61,39.5],[61,39],[61.5,39]],[[58.5,39],[59,39],[59,39.5],[59,40],[58.5,40],[58,40],[58,39.5],[58,39],[58.5,39]],[[56.5,39],[57,39],[57,39.5],[57,40],[56.5,40],[56,40],[56,39.5],[56,39],[56.5,39]],[[54.5,39],[55,39],[55,39.5],[55,40],[54.5,40],[54,40],[54,39.5],[54,39],[54.5,39]],[[48.5,39],[49,39],[49,39.5],[49,40],[48.5,40],[48,40],[48,39.5],[48,39],[48.5,39]],[[43.5,39],[44,39],[44,39.5],[44,40],[43.5,40],[43,40],[43,39.5],[43,39],[43.5,39]],[[39.5,39],[40,39],[40,39.5],[40,40],[39.5,40],[39,40],[39,39.5],[39,39],[39.5,39]],[[23.5,39],[24,39],[24,39.5],[24,40],[23.5,40],[23,40],[23,39.5],[23,39],[23.5,39]],[[4.5,39],[5,39],[5,39.5],[5,40],[4.5,40],[4,40],[4,39.5],[4,39],[4.5,39]],[[52.5,38],[53,38],[53,38.5],[53,39],[52.5,39],[52,39],[52,38.5],[52,38],[52.5,38]],[[37.5,38],[38,38],[38,38.5],[38,39],[37.5,39],[37,39],[37,38.5],[37,38],[37.5,38]],[[26.5,38],[27,38],[27,38.5],[27,39],[26.5,39],[26,39],[26,38.5],[26,38],[26.5,38]],[[18.5,38],[19,38],[19,38.5],[19,39],[18.5,39],[18,39],[18,38.5],[18,38],[18.5,38]],[[12.5,38],[13,38],[13,38.5],[13,39],[12.5,39],[12,39],[12,38.5],[12,38],[12.5,38]],[[47.5,37],[48,37],[48,37.5],[48,38],[47.5,38],[47,38],[47,37.5],[47,37],[47.5,37]],[[41.5,37],[42,37],[42,37.5],[42,38],[41.5,38],[41,38],[41,37.5],[41,37],[41.5,37]],[[34.5,37],[35,37],[35,37.5],[35,38],[34.5,38],[34,38],[34,37.5],[34,37],[34.5,37]],[[31.5,37],[32,37],[32,37.5],[32,38],[31.5,38],[31,38],[31,37.5],[31,37],[31.5,37]],[[28.5,37],[29,37],[29,37.5],[29,38],[28.5,38],[28,38],[28,37.5],[28,37],[28.5,37]],[[20.5,37],[21,37],[21,37.5],[21,38],[20.5,38],[20,38],[20,37.5],[20,37],[20.5,37]],[[15.5,37],[16,37],[16,37.5],[16,38],[15.5,38],[15,38],[15,37.5],[15,37],[15.5,37]],[[8.5,37],[9,37],[9,37.5],[9,38],[8.5,38],[8,38],[8,37.5],[8,37],[8.5,37]],[[0.5,37],[1,37],[1,37.5],[1,38],[0.5,38],[0,38],[0,37.5],[0,37],[0.5,37]],[[61.5,36],[62,36],[62,36.5],[62,37],[61.5,37],[61,37],[61,36.5],[61,36],[61.5,36]],[[58.5,36],[59,36],[59,36.5],[59,37],[58.5,37],[58,37],[58,36.5],[58,36],[58.5,36]],[[56.5,36],[57,36],[57,36.5],[57,37],[56.5,37],[56,37],[56,36.5],[56,36],[56.5,36]],[[51.5,36],[52,36],[52,36.5],[52,37],[51.5,37],[51,37],[51,36.5],[51,36],[51.5,36]],[[44.5,36],[45,36],[45,36.5],[45,37],[44.5,37],[44,37],[44,36.5],[44,36],[44.5,36]],[[23.5,36],[24,36],[24,36.5],[24,37],[23.5,37],[23,37],[23,36.5],[23,36],[23.5,36]],[[6.5,36],[7,36],[7,36.5],[7,37],[6.5,37],[6,37],[6,36.5],[6,36],[6.5,36]],[[53.5,35],[54,35],[54,35.5],[54,36],[53.5,36],[53,36],[53,35.5],[53,35],[53.5,35]],[[39.5,35],[40,35],[40,35.5],[40,36],[39.5,36],[39,36],[39,35.5],[39,35],[39.5,35]],[[35.5,35],[36,35],[36,35.5],[36,36],[35.5,36],[35,36],[35,35.5],[35,35],[35.5,35]],[[25.5,35],[26,35],[26,35.5],[26,36],[25.5,36],[25,36],[25,35.5],[25,35],[25.5,35]],[[18.5,35],[19,35],[19,35.5],[19,36],[18.5,36],[18,36],[18,35.5],[18,35],[18.5,35]],[[12.5,35],[13,35],[13,35.5],[13,36],[12.5,36],[12,36],[12,35.5],[12,35],[12.5,35]],[[50.5,34],[51,34],[51,34.5],[51,35],[50.5,35],[50,35],[50,34.5],[50,34],[50.5,34]],[[46.5,34],[47,34],[47,34.5],[47,35],[46.5,35],[46,35],[46,34.5],[46,34],[46.5,34]],[[32.5,34],[33,34],[33,34.5],[33,35],[32.5,35],[32,35],[32,34.5],[32,34],[32.5,34]],[[28.5,34],[29,34],[29,34.5],[29,35],[28.5,35],[28,35],[28,34.5],[28,34],[28.5,34]],[[20.5,34],[21,34],[21,34.5],[21,35],[20.5,35],[20,35],[20,34.5],[20,34],[20.5,34]],[[15.5,34],[16,34],[16,34.5],[16,35],[15.5,35],[15,35],[15,34.5],[15,34],[15.5,34]],[[9.5,34],[10,34],[10,34.5],[10,35],[9.5,35],[9,35],[9,34.5],[9,34],[9.5,34]],[[3.5,34],[4,34],[4,34.5],[4,35],[3.5,35],[3,35],[3,34.5],[3,34],[3.5,34]],[[57.5,33],[58,33],[58,33.5],[58,34],[57.5,34],[57,34],[57,33.5],[57,33],[57.5,33]],[[42.5,33],[43,33],[43,33.5],[43,34],[42.5,34],[42,34],[42,33.5],[42,33],[42.5,33]],[[36.5,33],[37,33],[37,33.5],[37,34],[36.5,34],[36,34],[36,33.5],[36,33],[36.5,33]],[[23.5,33],[24,33],[24,33.5],[24,34],[23.5,34],[23,34],[23,33.5],[23,33],[23.5,33]],[[0.5,33],[1,33],[1,33.5],[1,34],[0.5,34],[0,34],[0,33.5],[0,33],[0.5,33]],[[54.5,32],[55,32],[55,32.5],[55,33],[54.5,33],[54,33],[54,32.5],[54,32],[54.5,32]],[[49.5,32],[50,32],[50,32.5],[50,33],[49.5,33],[49,33],[49,32.5],[49,32],[49.5,32]],[[34.5,32],[35,32],[35,32.5],[35,33],[34.5,33],[34,33],[34,32.5],[34,32],[34.5,32]],[[25.5,32],[26,32],[26,32.5],[26,33],[25.5,33],[25,33],[25,32.5],[25,32],[25.5,32]],[[18.5,32],[19,32],[19,32.5],[19,33],[18.5,33],[18,33],[18,32.5],[18,32],[18.5,32]],[[12.5,32],[13,32],[13,32.5],[13,33],[12.5,33],[12,33],[12,32.5],[12,32],[12.5,32]],[[62.5,31],[63,31],[63,31.5],[63,32],[62.5,32],[62,32],[62,31.5],[62,31],[62.5,31]],[[59.5,31],[60,31],[60,31.5],[60,32],[59.5,32],[59,32],[59,31.5],[59,31],[59.5,31]],[[52.5,31],[53,31],[53,31.5],[53,32],[52.5,32],[52,32],[52,31.5],[52,31],[52.5,31]],[[44.5,31],[45,31],[45,31.5],[45,32],[44.5,32],[44,32],[44,31.5],[44,31],[44.5,31]],[[41.5,31],[42,31],[42,31.5],[42,32],[41.5,32],[41,32],[41,31.5],[41,31],[41.5,31]],[[38.5,31],[39,31],[39,31.5],[39,32],[38.5,32],[38,32],[38,31.5],[38,31],[38.5,31]],[[32.5,31],[33,31],[33,31.5],[33,32],[32.5,32],[32,32],[32,31.5],[32,31],[32.5,31]],[[28.5,31],[29,31],[29,31.5],[29,32],[28.5,32],[28,32],[28,31.5],[28,31],[28.5,31]],[[20.5,31],[21,31],[21,31.5],[21,32],[20.5,32],[20,32],[20,31.5],[20,31],[20.5,31]],[[7.5,31],[8,31],[8,31.5],[8,32],[7.5,32],[7,32],[7,31.5],[7,31],[7.5,31]],[[56.5,30],[57,30],[57,30.5],[57,31],[56.5,31],[56,31],[56,30.5],[56,30],[56.5,30]],[[47.5,30],[48,30],[48,30.5],[48,31],[47.5,31],[47,31],[47,30.5],[47,30],[47.5,30]],[[36.5,30],[37,30],[37,30.5],[37,31],[36.5,31],[36,31],[36,30.5],[36,30],[36.5,30]],[[31.5,30],[32,30],[32,30.5],[32,31],[31.5,31],[31,31],[31,30.5],[31,30],[31.5,30]],[[23.5,30],[24,30],[24,30.5],[24,31],[23.5,31],[23,31],[23,30.5],[23,30],[23.5,30]],[[15.5,30],[16,30],[16,30.5],[16,31],[15.5,31],[15,31],[15,30.5],[15,30],[15.5,30]],[[2.5,30],[3,30],[3,30.5],[3,31],[2.5,31],[2,31],[2,30.5],[2,30],[2.5,30]],[[54.5,29],[55,29],[55,29.5],[55,30],[54.5,30],[54,30],[54,29.5],[54,29],[54.5,29]],[[29.5,29],[30,29],[30,29.5],[30,30],[29.5,30],[29,30],[29,29.5],[29,29],[29.5,29]],[[61.5,28],[62,28],[62,28.5],[62,29],[61.5,29],[61,29],[61,28.5],[61,28],[61.5,28]],[[50.5,28],[51,28],[51,28.5],[51,29],[50.5,29],[50,29],[50,28.5],[50,28],[50.5,28]],[[33.5,28],[34,28],[34,28.5],[34,29],[33.5,29],[33,29],[33,28.5],[33,28],[33.5,28]],[[27.5,28],[28,28],[28,28.5],[28,29],[27.5,29],[27,29],[27,28.5],[27,28],[27.5,28]],[[25.5,28],[26,28],[26,28.5],[26,29],[25.5,29],[25,29],[25,28.5],[25,28],[25.5,28]],[[21.5,28],[22,28],[22,28.5],[22,29],[21.5,29],[21,29],[21,28.5],[21,28],[21.5,28]],[[18.5,28],[19,28],[19,28.5],[19,29],[18.5,29],[18,29],[18,28.5],[18,28],[18.5,28]],[[12.5,28],[13,28],[13,28.5],[13,29],[12.5,29],[12,29],[12,28.5],[12,28],[12.5,28]],[[7.5,28],[8,28],[8,28.5],[8,29],[7.5,29],[7,29],[7,28.5],[7,28],[7.5,28]],[[4.5,28],[5,28],[5,28.5],[5,29],[4.5,29],[4,29],[4,28.5],[4,28],[4.5,28]],[[57.5,27],[58,27],[58,27.5],[58,28],[57.5,28],[57,28],[57,27.5],[57,27],[57.5,27]],[[53.5,27],[54,27],[54,27.5],[54,28],[53.5,28],[53,28],[53,27.5],[53,27],[53.5,27]],[[46.5,27],[47,27],[47,27.5],[47,28],[46.5,28],[46,28],[46,27.5],[46,27],[46.5,27]],[[43.5,27],[44,27],[44,27.5],[44,28],[43.5,28],[43,28],[43,27.5],[43,27],[43.5,27]],[[40.5,27],[41,27],[41,27.5],[41,28],[40.5,28],[40,28],[40,27.5],[40,27],[40.5,27]],[[1.5,27],[2,27],[2,27.5],[2,28],[1.5,28],[1,28],[1,27.5],[1,27],[1.5,27]],[[63.5,26],[64,26],[64,26.5],[64,27],[63.5,27],[63,27],[63,26.5],[63,26],[63.5,26]],[[59.5,26],[60,26],[60,26.5],[60,27],[59.5,27],[59,27],[59,26.5],[59,26],[59.5,26]],[[49.5,26],[50,26],[50,26.5],[50,27],[49.5,27],[49,27],[49,26.5],[49,26],[49.5,26]],[[37.5,26],[38,26],[38,26.5],[38,27],[37.5,27],[37,27],[37,26.5],[37,26],[37.5,26]],[[31.5,26],[32,26],[32,26.5],[32,27],[31.5,27],[31,27],[31,26.5],[31,26],[31.5,26]],[[22.5,26],[23,26],[23,26.5],[23,27],[22.5,27],[22,27],[22,26.5],[22,26],[22.5,26]],[[15.5,26],[16,26],[16,26.5],[16,27],[15.5,27],[15,27],[15,26.5],[15,26],[15.5,26]],[[9.5,26],[10,26],[10,26.5],[10,27],[9.5,27],[9,27],[9,26.5],[9,26],[9.5,26]],[[55.5,25],[56,25],[56,25.5],[56,26],[55.5,26],[55,26],[55,25.5],[55,25],[55.5,25]],[[51.5,25],[52,25],[52,25.5],[52,26],[51.5,26],[51,26],[51,25.5],[51,25],[51.5,25]],[[29.5,25],[30,25],[30,25.5],[30,26],[29.5,26],[29,26],[29,25.5],[29,25],[29.5,25]],[[53.5,24],[54,24],[54,24.5],[54,25],[53.5,25],[53,25],[53,24.5],[53,24],[53.5,24]],[[45.5,24],[46,24],[46,24.5],[46,25],[45.5,25],[45,25],[45,24.5],[45,24],[45.5,24]],[[42.5,24],[43,24],[43,24.5],[43,25],[42.5,25],[42,25],[42,24.5],[42,24],[42.5,24]],[[33.5,24],[34,24],[34,24.5],[34,25],[33.5,25],[33,25],[33,24.5],[33,24],[33.5,24]],[[27.5,24],[28,24],[28,24.5],[28,25],[27.5,25],[27,25],[27,24.5],[27,24],[27.5,24]],[[24.5,24],[25,24],[25,24.5],[25,25],[24.5,25],[24,25],[24,24.5],[24,24],[24.5,24]],[[19.5,24],[20,24],[20,24.5],[20,25],[19.5,25],[19,25],[19,24.5],[19,24],[19.5,24]],[[12.5,24],[13,24],[13,24.5],[13,25],[12.5,25],[12,25],[12,24.5],[12,24],[12.5,24]],[[5.5,24],[6,24],[6,24.5],[6,25],[5.5,25],[5,25],[5,24.5],[5,24],[5.5,24]],[[2.5,24],[3,24],[3,24.5],[3,25],[2.5,25],[2,25],[2,24.5],[2,24],[2.5,24]],[[61.5,23],[62,23],[62,23.5],[62,24],[61.5,24],[61,24],[61,23.5],[61,23],[61.5,23]],[[57.5,23],[58,23],[58,23.5],[58,24],[57.5,24],[57,24],[57,23.5],[57,23],[57.5,23]],[[49.5,23],[50,23],[50,23.5],[50,24],[49.5,24],[49,24],[49,23.5],[49,23],[49.5,23]],[[38.5,23],[39,23],[39,23.5],[39,24],[38.5,24],[38,24],[38,23.5],[38,23],[38.5,23]],[[8.5,23],[9,23],[9,23.5],[9,24],[8.5,24],[8,24],[8,23.5],[8,23],[8.5,23]],[[36.5,22],[37,22],[37,22.5],[37,23],[36.5,23],[36,23],[36,22.5],[36,22],[36.5,22]],[[31.5,22],[32,22],[32,22.5],[32,23],[31.5,23],[31,23],[31,22.5],[31,22],[31.5,22]],[[26.5,22],[27,22],[27,22.5],[27,23],[26.5,23],[26,23],[26,22.5],[26,22],[26.5,22]],[[22.5,22],[23,22],[23,22.5],[23,23],[22.5,23],[22,23],[22,22.5],[22,22],[22.5,22]],[[16.5,22],[17,22],[17,22.5],[17,23],[16.5,23],[16,23],[16,22.5],[16,22],[16.5,22]],[[62.5,21],[63,21],[63,21.5],[63,22],[62.5,22],[62,22],[62,21.5],[62,21],[62.5,21]],[[52.5,21],[53,21],[53,21.5],[53,22],[52.5,22],[52,22],[52,21.5],[52,21],[52.5,21]],[[48.5,21],[49,21],[49,21.5],[49,22],[48.5,22],[48,22],[48,21.5],[48,21],[48.5,21]],[[41.5,21],[42,21],[42,21.5],[42,22],[41.5,22],[41,22],[41,21.5],[41,21],[41.5,21]],[[13.5,21],[14,21],[14,21.5],[14,22],[13.5,22],[13,22],[13,21.5],[13,21],[13.5,21]],[[10.5,21],[11,21],[11,21.5],[11,22],[10.5,22],[10,22],[10,21.5],[10,21],[10.5,21]],[[2.5,21],[3,21],[3,21.5],[3,22],[2.5,22],[2,22],[2,21.5],[2,21],[2.5,21]],[[58.5,20],[59,20],[59,20.5],[59,21],[58.5,21],[58,21],[58,20.5],[58,20],[58.5,20]],[[54.5,20],[55,20],[55,20.5],[55,21],[54.5,21],[54,21],[54,20.5],[54,20],[54.5,20]],[[44.5,20],[45,20],[45,20.5],[45,21],[44.5,21],[44,21],[44,20.5],[44,20],[44.5,20]],[[33.5,20],[34,20],[34,20.5],[34,21],[33.5,21],[33,21],[33,20.5],[33,20],[33.5,20]],[[28.5,20],[29,20],[29,20.5],[29,21],[28.5,21],[28,21],[28,20.5],[28,20],[28.5,20]],[[18.5,20],[19,20],[19,20.5],[19,21],[18.5,21],[18,21],[18,20.5],[18,20],[18.5,20]],[[5.5,20],[6,20],[6,20.5],[6,21],[5.5,21],[5,21],[5,20.5],[5,20],[5.5,20]],[[48.5,19],[49,19],[49,19.5],[49,20],[48.5,20],[48,20],[48,19.5],[48,19],[48.5,19]],[[41.5,19],[42,19],[42,19.5],[42,20],[41.5,20],[41,20],[41,19.5],[41,19],[41.5,19]],[[37.5,19],[38,19],[38,19.5],[38,20],[37.5,20],[37,20],[37,19.5],[37,19],[37.5,19]],[[24.5,19],[25,19],[25,19.5],[25,20],[24.5,20],[24,20],[24,19.5],[24,19],[24.5,19]],[[60.5,18],[61,18],[61,18.5],[61,19],[60.5,19],[60,19],[60,18.5],[60,18],[60.5,18]],[[53.5,18],[54,18],[54,18.5],[54,19],[53.5,19],[53,19],[53,18.5],[53,18],[53.5,18]],[[30.5,18],[31,18],[31,18.5],[31,19],[30.5,19],[30,19],[30,18.5],[30,18],[30.5,18]],[[21.5,18],[22,18],[22,18.5],[22,19],[21.5,19],[21,19],[21,18.5],[21,18],[21.5,18]],[[19.5,18],[20,18],[20,18.5],[20,19],[19.5,19],[19,19],[19,18.5],[19,18],[19.5,18]],[[15.5,18],[16,18],[16,18.5],[16,19],[15.5,19],[15,19],[15,18.5],[15,18],[15.5,18]],[[12.5,18],[13,18],[13,18.5],[13,19],[12.5,19],[12,19],[12,18.5],[12,18],[12.5,18]],[[9.5,18],[10,18],[10,18.5],[10,19],[9.5,19],[9,19],[9,18.5],[9,18],[9.5,18]],[[56.5,17],[57,17],[57,17.5],[57,18],[56.5,18],[56,18],[56,17.5],[56,17],[56.5,17]],[[51.5,17],[52,17],[52,17.5],[52,18],[51.5,18],[51,18],[51,17.5],[51,17],[51.5,17]],[[48.5,17],[49,17],[49,17.5],[49,18],[48.5,18],[48,18],[48,17.5],[48,17],[48.5,17]],[[44.5,17],[45,17],[45,17.5],[45,18],[44.5,18],[44,18],[44,17.5],[44,17],[44.5,17]],[[34.5,17],[35,17],[35,17.5],[35,18],[34.5,18],[34,18],[34,17.5],[34,17],[34.5,17]],[[27.5,17],[28,17],[28,17.5],[28,18],[27.5,18],[27,18],[27,17.5],[27,17],[27.5,17]],[[24.5,17],[25,17],[25,17.5],[25,18],[24.5,18],[24,18],[24,17.5],[24,17],[24.5,17]],[[1.5,17],[2,17],[2,17.5],[2,18],[1.5,18],[1,18],[1,17.5],[1,17],[1.5,17]],[[62.5,16],[63,16],[63,16.5],[63,17],[62.5,17],[62,17],[62,16.5],[62,16],[62.5,16]],[[41.5,16],[42,16],[42,16.5],[42,17],[41.5,17],[41,17],[41,16.5],[41,16],[41.5,16]],[[37.5,16],[38,16],[38,16.5],[38,17],[37.5,17],[37,17],[37,16.5],[37,16],[37.5,16]],[[31.5,16],[32,16],[32,16.5],[32,17],[31.5,17],[31,17],[31,16.5],[31,16],[31.5,16]],[[18.5,16],[19,16],[19,16.5],[19,17],[18.5,17],[18,17],[18,16.5],[18,16],[18.5,16]],[[4.5,16],[5,16],[5,16.5],[5,17],[4.5,17],[4,17],[4,16.5],[4,16],[4.5,16]],[[59.5,15],[60,15],[60,15.5],[60,16],[59.5,16],[59,16],[59,15.5],[59,15],[59.5,15]],[[21.5,15],[22,15],[22,15.5],[22,16],[21.5,16],[21,16],[21,15.5],[21,15],[21.5,15]],[[6.5,15],[7,15],[7,15.5],[7,16],[6.5,16],[6,16],[6,15.5],[6,15],[6.5,15]],[[54.5,14],[55,14],[55,14.5],[55,15],[54.5,15],[54,15],[54,14.5],[54,14],[54.5,14]],[[48.5,14],[49,14],[49,14.5],[49,15],[48.5,15],[48,15],[48,14.5],[48,14],[48.5,14]],[[44.5,14],[45,14],[45,14.5],[45,15],[44.5,15],[44,15],[44,14.5],[44,14],[44.5,14]],[[33.5,14],[34,14],[34,14.5],[34,15],[33.5,15],[33,15],[33,14.5],[33,14],[33.5,14]],[[28.5,14],[29,14],[29,14.5],[29,15],[28.5,15],[28,15],[28,14.5],[28,14],[28.5,14]],[[24.5,14],[25,14],[25,14.5],[25,15],[24.5,15],[24,15],[24,14.5],[24,14],[24.5,14]],[[15.5,14],[16,14],[16,14.5],[16,15],[15.5,15],[15,15],[15,14.5],[15,14],[15.5,14]],[[12.5,14],[13,14],[13,14.5],[13,15],[12.5,15],[12,15],[12,14.5],[12,14],[12.5,14]],[[9.5,14],[10,14],[10,14.5],[10,15],[9.5,15],[9,15],[9,14.5],[9,14],[9.5,14]],[[57.5,13],[58,13],[58,13.5],[58,14],[57.5,14],[57,14],[57,13.5],[57,13],[57.5,13]],[[36.5,13],[37,13],[37,13.5],[37,14],[36.5,14],[36,14],[36,13.5],[36,13],[36.5,13]],[[18.5,13],[19,13],[19,13.5],[19,14],[18.5,14],[18,14],[18,13.5],[18,13],[18.5,13]],[[1.5,13],[2,13],[2,13.5],[2,14],[1.5,14],[1,14],[1,13.5],[1,13],[1.5,13]],[[59.5,12],[60,12],[60,12.5],[60,13],[59.5,13],[59,13],[59,12.5],[59,12],[59.5,12]],[[51.5,12],[52,12],[52,12.5],[52,13],[51.5,13],[51,13],[51,12.5],[51,12],[51.5,12]],[[45.5,12],[46,12],[46,12.5],[46,13],[45.5,13],[45,13],[45,12.5],[45,12],[45.5,12]],[[42.5,12],[43,12],[43,12.5],[43,13],[42.5,13],[42,13],[42,12.5],[42,12],[42.5,12]],[[39.5,12],[40,12],[40,12.5],[40,13],[39.5,13],[39,13],[39,12.5],[39,12],[39.5,12]],[[30.5,12],[31,12],[31,12.5],[31,13],[30.5,13],[30,13],[30,12.5],[30,12],[30.5,12]],[[21.5,12],[22,12],[22,12.5],[22,13],[21.5,13],[21,13],[21,12.5],[21,12],[21.5,12]],[[4.5,12],[5,12],[5,12.5],[5,13],[4.5,13],[4,13],[4,12.5],[4,12],[4.5,12]],[[62.5,11],[63,11],[63,11.5],[63,12],[62.5,12],[62,12],[62,11.5],[62,11],[62.5,11]],[[26.5,11],[27,11],[27,11.5],[27,12],[26.5,12],[26,12],[26,11.5],[26,11],[26.5,11]],[[55.5,10],[56,10],[56,10.5],[56,11],[55.5,11],[55,11],[55,10.5],[55,10],[55.5,10]],[[49.5,10],[50,10],[50,10.5],[50,11],[49.5,11],[49,11],[49,10.5],[49,10],[49.5,10]],[[33.5,10],[34,10],[34,10.5],[34,11],[33.5,11],[33,11],[33,10.5],[33,10],[33.5,10]],[[22.5,10],[23,10],[23,10.5],[23,11],[22.5,11],[22,11],[22,10.5],[22,10],[22.5,10]],[[19.5,10],[20,10],[20,10.5],[20,11],[19.5,11],[19,11],[19,10.5],[19,10],[19.5,10]],[[15.5,10],[16,10],[16,10.5],[16,11],[15.5,11],[15,11],[15,10.5],[15,10],[15.5,10]],[[12.5,10],[13,10],[13,10.5],[13,11],[12.5,11],[12,11],[12,10.5],[12,10],[12.5,10]],[[9.5,10],[10,10],[10,10.5],[10,11],[9.5,11],[9,11],[9,10.5],[9,10],[9.5,10]],[[6.5,10],[7,10],[7,10.5],[7,11],[6.5,11],[6,11],[6,10.5],[6,10],[6.5,10]],[[2.5,10],[3,10],[3,10.5],[3,11],[2.5,11],[2,11],[2,10.5],[2,10],[2.5,10]],[[52.5,9],[53,9],[53,9.5],[53,10],[52.5,10],[52,10],[52,9.5],[52,9],[52.5,9]],[[46.5,9],[47,9],[47,9.5],[47,10],[46.5,10],[46,10],[46,9.5],[46,9],[46.5,9]],[[36.5,9],[37,9],[37,9.5],[37,10],[36.5,10],[36,10],[36,9.5],[36,9],[36.5,9]],[[27.5,9],[28,9],[28,9.5],[28,10],[27.5,10],[27,10],[27,9.5],[27,9],[27.5,9]],[[63.5,8],[64,8],[64,8.5],[64,9],[63.5,9],[63,9],[63,8.5],[63,8],[63.5,8]],[[59.5,8],[60,8],[60,8.5],[60,9],[59.5,9],[59,9],[59,8.5],[59,8],[59.5,8]],[[42.5,8],[43,8],[43,8.5],[43,9],[42.5,9],[42,9],[42,8.5],[42,8],[42.5,8]],[[39.5,8],[40,8],[40,8.5],[40,9],[39.5,9],[39,9],[39,8.5],[39,8],[39.5,8]],[[29.5,8],[30,8],[30,8.5],[30,9],[29.5,9],[29,9],[29,8.5],[29,8],[29.5,8]],[[24.5,8],[25,8],[25,8.5],[25,9],[24.5,9],[24,9],[24,8.5],[24,8],[24.5,8]],[[20.5,8],[21,8],[21,8.5],[21,9],[20.5,9],[20,9],[20,8.5],[20,8],[20.5,8]],[[4.5,8],[5,8],[5,8.5],[5,9],[4.5,9],[4,9],[4,8.5],[4,8],[4.5,8]],[[0.5,8],[1,8],[1,8.5],[1,9],[0.5,9],[0,9],[0,8.5],[0,8],[0.5,8]],[[56.5,7],[57,7],[57,7.5],[57,8],[56.5,8],[56,8],[56,7.5],[56,7],[56.5,7]],[[50.5,7],[51,7],[51,7.5],[51,8],[50.5,8],[50,8],[50,7.5],[50,7],[50.5,7]],[[31.5,7],[32,7],[32,7.5],[32,8],[31.5,8],[31,8],[31,7.5],[31,7],[31.5,7]],[[16.5,7],[17,7],[17,7.5],[17,8],[16.5,8],[16,8],[16,7.5],[16,7],[16.5,7]],[[13.5,7],[14,7],[14,7.5],[14,8],[13.5,8],[13,8],[13,7.5],[13,7],[13.5,7]],[[10.5,7],[11,7],[11,7.5],[11,8],[10.5,8],[10,8],[10,7.5],[10,7],[10.5,7]],[[7.5,7],[8,7],[8,7.5],[8,8],[7.5,8],[7,8],[7,7.5],[7,7],[7.5,7]],[[54.5,6],[55,6],[55,6.5],[55,7],[54.5,7],[54,7],[54,6.5],[54,6],[54.5,6]],[[47.5,6],[48,6],[48,6.5],[48,7],[47.5,7],[47,7],[47,6.5],[47,6],[47.5,6]],[[33.5,6],[34,6],[34,6.5],[34,7],[33.5,7],[33,7],[33,6.5],[33,6],[33.5,6]],[[26.5,6],[27,6],[27,6.5],[27,7],[26.5,7],[26,7],[26,6.5],[26,6],[26.5,6]],[[21.5,6],[22,6],[22,6.5],[22,7],[21.5,7],[21,7],[21,6.5],[21,6],[21.5,6]],[[52.5,5],[53,5],[53,5.5],[53,6],[52.5,6],[52,6],[52,5.5],[52,5],[52.5,5]],[[44.5,5],[45,5],[45,5.5],[45,6],[44.5,6],[44,6],[44,5.5],[44,5],[44.5,5]],[[40.5,5],[41,5],[41,5.5],[41,6],[40.5,6],[40,6],[40,5.5],[40,5],[40.5,5]],[[37.5,5],[38,5],[38,5.5],[38,6],[37.5,6],[37,6],[37,5.5],[37,5],[37.5,5]],[[35.5,5],[36,5],[36,5.5],[36,6],[35.5,6],[35,6],[35,5.5],[35,5],[35.5,5]],[[28.5,5],[29,5],[29,5.5],[29,6],[28.5,6],[28,6],[28,5.5],[28,5],[28.5,5]],[[2.5,5],[3,5],[3,5.5],[3,6],[2.5,6],[2,6],[2,5.5],[2,5],[2.5,5]],[[62.5,4],[63,4],[63,4.5],[63,5],[62.5,5],[62,5],[62,4.5],[62,4],[62.5,4]],[[56.5,4],[57,4],[57,4.5],[57,5],[56.5,5],[56,5],[56,4.5],[56,4],[56.5,4]],[[50.5,4],[51,4],[51,4.5],[51,5],[50.5,5],[50,5],[50,4.5],[50,4],[50.5,4]],[[31.5,4],[32,4],[32,4.5],[32,5],[31.5,5],[31,5],[31,4.5],[31,4],[31.5,4]],[[23.5,4],[24,4],[24,4.5],[24,5],[23.5,5],[23,5],[23,4.5],[23,4],[23.5,4]],[[18.5,4],[19,4],[19,4.5],[19,5],[18.5,5],[18,5],[18,4.5],[18,4],[18.5,4]],[[14.5,4],[15,4],[15,4.5],[15,5],[14.5,5],[14,5],[14,4.5],[14,4],[14.5,4]],[[11.5,4],[12,4],[12,4.5],[12,5],[11.5,5],[11,5],[11,4.5],[11,4],[11.5,4]],[[8.5,4],[9,4],[9,4.5],[9,5],[8.5,5],[8,5],[8,4.5],[8,4],[8.5,4]],[[5.5,4],[6,4],[6,4.5],[6,5],[5.5,5],[5,5],[5,4.5],[5,4],[5.5,4]],[[47.5,3],[48,3],[48,3.5],[48,4],[47.5,4],[47,4],[47,3.5],[47,3],[47.5,3]],[[52.5,2],[53,2],[53,2.5],[53,3],[52.5,3],[52,3],[52,2.5],[52,2],[52.5,2]],[[35.5,2],[36,2],[36,2.5],[36,3],[35.5,3],[35,3],[35,2.5],[35,2],[35.5,2]],[[24.5,2],[25,2],[25,2.5],[25,3],[24.5,3],[24,3],[24,2.5],[24,2],[24.5,2]],[[21.5,2],[22,2],[22,2.5],[22,3],[21.5,3],[21,3],[21,2.5],[21,2],[21.5,2]],[[16.5,2],[17,2],[17,2.5],[17,3],[16.5,3],[16,3],[16,2.5],[16,2],[16.5,2]],[[1.5,2],[2,2],[2,2.5],[2,3],[1.5,3],[1,3],[1,2.5],[1,2],[1.5,2]],[[59.5,1],[60,1],[60,1.5],[60,2],[59.5,2],[59,2],[59,1.5],[59,1],[59.5,1]],[[48.5,1],[49,1],[49,1.5],[49,2],[48.5,2],[48,2],[48,1.5],[48,1],[48.5,1]],[[44.5,1],[45,1],[45,1.5],[45,2],[44.5,2],[44,2],[44,1.5],[44,1],[44.5,1]],[[41.5,1],[42,1],[42,1.5],[42,2],[41.5,2],[41,2],[41,1.5],[41,1],[41.5,1]],[[39.5,1],[40,1],[40,1.5],[40,2],[39.5,2],[39,2],[39,1.5],[39,1],[39.5,1]],[[29.5,1],[30,1],[30,1.5],[30,2],[29.5,2],[29,2],[29,1.5],[29,1],[29.5,1]],[[13.5,1],[14,1],[14,1.5],[14,2],[13.5,2],[13,2],[13,1.5],[13,1],[13.5,1]],[[10.5,1],[11,1],[11,1.5],[11,2],[10.5,2],[10,2],[10,1.5],[10,1],[10.5,1]],[[4.5,1],[5,1],[5,1.5],[5,2],[4.5,2],[4,2],[4,1.5],[4,1],[4.5,1]],[[56.5,0],[57,0],[57,0.5],[57,1],[56.5,1],[56,1],[56,0.5],[56,0],[56.5,0]],[[33.5,0],[34,0],[34,0.5],[34,1],[33.5,1],[33,1],[33,0.5],[33,0],[33.5,0]],[[26.5,0],[27,0],[27,0.5],[27,1],[26.5,1],[26,1],[26,0.5],[26,0],[26.5,0]],[[22.5,0],[23,0],[23,0.5],[23,1],[22.5,1],[22,1],[22,0.5],[22,0],[22.5,0]],[[6.5,0],[7,0],[7,0.5],[7,1],[6.5,1],[6,1],[6,0.5],[6,0],[6.5,0]]]},"symbol":{"type":"CIMPolygonSymbol","symbolLayers":[{"type":"CIMSolidFill","enable":true,"color":{"type":"CIMRGBColor","values":[0,174,239,100]}}]}}],"scaleSymbolsProportionally":true,"respectFrame":true,"clippingPath":{"type":"CIMClippingPath","clippingType":"Intersect","path":{"rings":[[[0,0],[64,0],[64,64],[0,64],[0,0]]]}}},{"type":"CIMSolidFill","enable":true,"colorLocked":true,"color":{"type":"CIMRGBColor","values":[151,219,242,100]}}]}}},"scaleSymbols":true,"snappable":true}]}</LayerFile></DataProperties><SyncDate>20210301</SyncDate><SyncTime>15325100</SyncTime><ModDate>20210301</ModDate><ModTime>15325100</ModTime></Esri><dataIdInfo><envirDesc Sync="TRUE">Microsoft Windows 10 Version 10.0 (Build 19041) ; Esri ArcGIS 12.6.1.24783</envirDesc><dataLang><languageCode value="eng" Sync="TRUE"></languageCode><countryCode value="USA" Sync="TRUE"></countryCode></dataLang><idCitation><resTitle Sync="TRUE">Lakes</resTitle><presForm><PresFormCd value="005" Sync="TRUE"></PresFormCd></presForm></idCitation><spatRpType><SpatRepTypCd value="001" Sync="TRUE"></SpatRepTypCd></spatRpType></dataIdInfo><mdLang><languageCode value="eng" Sync="TRUE"></languageCode><countryCode value="USA" Sync="TRUE"></countryCode></mdLang><distInfo><distFormat><formatName Sync="TRUE">Shapefile</formatName></distFormat><distTranOps><transSize Sync="TRUE">0.000</transSize></distTranOps></distInfo><mdHrLv><ScopeCd value="005" Sync="TRUE"></ScopeCd></mdHrLv><mdHrLvName Sync="TRUE">dataset</mdHrLvName><refSysInfo><RefSystem><refSysID><identCode code="0" Sync="TRUE"></identCode></refSysID></RefSystem></refSysInfo><spatRepInfo><VectSpatRep><geometObjs Name="Lakes"><geoObjTyp><GeoObjTypCd value="002" Sync="TRUE"></GeoObjTypCd></geoObjTyp><geoObjCnt Sync="TRUE">0</geoObjCnt></geometObjs><topLvl><TopoLevCd value="001" Sync="TRUE"></TopoLevCd></topLvl></VectSpatRep></spatRepInfo><spdoinfo><ptvctinf><esriterm Name="Lakes"><efeatyp Sync="TRUE">Simple</efeatyp><efeageom code="4" Sync="TRUE"></efeageom><esritopo Sync="TRUE">FALSE</esritopo><efeacnt Sync="TRUE">0</efeacnt><spindex Sync="TRUE">FALSE</spindex><linrefer Sync="TRUE">FALSE</linrefer></esriterm></ptvctinf></spdoinfo><eainfo><detailed Name="Lakes"><enttyp><enttypl Sync="TRUE">Lakes</enttypl><enttypt Sync="TRUE">Feature Class</enttypt><enttypc Sync="TRUE">0</enttypc></enttyp><attr><attrlabl Sync="TRUE">FID</attrlabl><attalias Sync="TRUE">FID</attalias><attrtype Sync="TRUE">OID</attrtype><attwidth Sync="TRUE">4</attwidth><atprecis Sync="TRUE">0</atprecis><attscale Sync="TRUE">0</attscale><attrdef Sync="TRUE">Internal feature number.</attrdef><attrdefs Sync="TRUE">Esri</attrdefs><attrdomv><udom Sync="TRUE">Sequential unique whole numbers that are automatically generated.</udom></attrdomv></attr><attr><attrlabl Sync="TRUE">Shape</attrlabl><attalias Sync="TRUE">Shape</attalias><attrtype Sync="TRUE">Geometry</attrtype><attwidth Sync="TRUE">0</attwidth><atprecis Sync="TRUE">0</atprecis><attscale Sync="TRUE">0</attscale><attrdef Sync="TRUE">Feature geometry.</attrdef><attrdefs Sync="TRUE">Esri</attrdefs><attrdomv><udom Sync="TRUE">Coordinates defining the features.</udom></attrdomv></attr><attr><attrlabl Sync="TRUE">tietopalve</attrlabl><attalias Sync="TRUE">tietopalve</attalias><attrtype Sync="TRUE">Integer</attrtype><attwidth Sync="TRUE">10</attwidth><atprecis Sync="TRUE">10</atprecis><attscale Sync="TRUE">0</attscale></attr><attr><attrlabl Sync="TRUE">vesisto_ni</attrlabl><attalias Sync="TRUE">vesisto_ni</attalias><attrtype Sync="TRUE">String</attrtype><attwidth Sync="TRUE">254</attwidth><atprecis Sync="TRUE">0</atprecis><attscale Sync="TRUE">0</attscale></attr><attr><attrlabl Sync="TRUE">vesisto__1</attrlabl><attalias Sync="TRUE">vesisto__1</attalias><attrtype Sync="TRUE">String</attrtype><attwidth Sync="TRUE">254</attwidth><atprecis Sync="TRUE">0</atprecis><attscale Sync="TRUE">0</attscale></attr><attr><attrlabl Sync="TRUE">mtryhm</attrlabl><attalias Sync="TRUE">mtryhm</attalias><attrtype Sync="TRUE">Integer</attrtype><attwidth Sync="TRUE">10</attwidth><atprecis Sync="TRUE">10</atprecis><attscale Sync="TRUE">0</attscale></attr><attr><attrlabl Sync="TRUE">Shape_Leng</attrlabl><attalias Sync="TRUE">Shape_Leng</attalias><attrtype Sync="TRUE">Double</attrtype><attwidth Sync="TRUE">19</attwidth><atprecis Sync="TRUE">0</atprecis><attscale Sync="TRUE">0</attscale></attr><attr><attrlabl Sync="TRUE">Shape_Area</attrlabl><attalias Sync="TRUE">Shape_Area</attalias><attrtype Sync="TRUE">Double</attrtype><attwidth Sync="TRUE">19</attwidth><atprecis Sync="TRUE">0</atprecis><attscale Sync="TRUE">0</attscale><attrdef Sync="TRUE">Area of feature in internal units squared.</attrdef><attrdefs Sync="TRUE">Esri</attrdefs><attrdomv><udom Sync="TRUE">Positive real numbers that are automatically generated.</udom></attrdomv></attr></detailed></eainfo><mdDateSt Sync="TRUE">20210301</mdDateSt></metadata>
